gameLabel,total_comments,agreements,agreement_rate,agreement_rate_pct
Overall,26151,17065,0.6525563075981798,65.26
BanG Dream,12948,9475,0.7317732468334878,73.18
Project Sekai,13203,7590,0.5748693478754828,57.49
